{"stats":{"minecraft:custom":{"minecraft:time_since_rest":5148,"minecraft:crouch_one_cm":336,"minecraft:play_time":18019,"minecraft:sprint_one_cm":6664,"minecraft:walk_one_cm":7675,"minecraft:damage_taken":730,"minecraft:deaths":2,"minecraft:sneak_time":77,"minecraft:mob_kills":3,"minecraft:jump":142,"minecraft:damage_dealt":938,"minecraft:leave_game":1,"minecraft:time_since_death":5113,"minecraft:total_world_time":18019,"minecraft:fly_one_cm":11887,"minecraft:fall_one_cm":2349},"minecraft:killed":{"minecraft:pig":1,"minecraft:cow":1},"minecraft:killed_by":{"minecraft:witch":1,"minecraft:enderman":1},"minecraft:mined":{"minecraft:grass":8,"minecraft:birch_leaves":1},"minecraft:picked_up":{"minecraft:arrow":1,"minecraft:bone":1,"minecraft:leather":2,"minecraft:beef":1,"minecraft:porkchop":3}},"DataVersion":3120}