{"stats":{"minecraft:mined":{"minecraft:grass":8,"minecraft:birch_leaves":1},"minecraft:custom":{"minecraft:time_since_rest":1,"minecraft:crouch_one_cm":405,"minecraft:damage_taken":1185,"minecraft:sprint_one_cm":10451,"minecraft:play_time":26446,"minecraft:deaths":4,"minecraft:walk_one_cm":10777,"minecraft:sneak_time":137,"minecraft:mob_kills":3,"minecraft:jump":172,"minecraft:damage_dealt":1034,"minecraft:leave_game":1,"minecraft:time_since_death":2065,"minecraft:total_world_time":26446,"minecraft:fall_one_cm":2558,"minecraft:fly_one_cm":17066},"minecraft:picked_up":{"minecraft:arrow":1,"minecraft:bone":1,"minecraft:leather":2,"minecraft:beef":1,"minecraft:porkchop":3},"minecraft:killed":{"minecraft:pig":1,"minecraft:cow":1},"minecraft:killed_by":{"minecraft:creeper":1,"minecraft:witch":1,"minecraft:drowned":1,"minecraft:enderman":1}},"DataVersion":3120}