{"stats":{"minecraft:mined":{"minecraft:grass":8,"minecraft:birch_leaves":1},"minecraft:custom":{"minecraft:time_since_rest":3733,"tombstone:undead_killed":1,"minecraft:crouch_one_cm":553,"minecraft:damage_taken":1485,"minecraft:sprint_one_cm":14871,"minecraft:play_time":38446,"minecraft:deaths":5,"minecraft:walk_one_cm":16068,"minecraft:sneak_time":165,"minecraft:mob_kills":4,"minecraft:jump":204,"minecraft:damage_dealt":1073,"minecraft:leave_game":1,"minecraft:time_since_death":3937,"minecraft:total_world_time":38446,"minecraft:fall_one_cm":3402,"minecraft:fly_one_cm":22674},"minecraft:picked_up":{"minecraft:arrow":2,"minecraft:bone":4,"minecraft:leather":2,"minecraft:beef":1,"minecraft:porkchop":3},"minecraft:killed":{"minecraft:skeleton":1,"minecraft:pig":1,"minecraft:cow":1},"minecraft:killed_by":{"minecraft:skeleton":1,"minecraft:creeper":1,"minecraft:witch":1,"minecraft:drowned":1,"minecraft:enderman":1}},"DataVersion":3120}