{"stats":{"minecraft:killed":{"minecraft:skeleton":1,"minecraft:pig":1,"minecraft:cow":2},"minecraft:picked_up":{"minecraft:stick":2,"minecraft:arrow":2,"minecraft:bone":4,"minecraft:leather":3,"minecraft:wheat_seeds":2,"minecraft:beef":4,"minecraft:porkchop":3,"minecraft:birch_sapling":2},"minecraft:custom":{"minecraft:time_since_rest":18238,"minecraft:damage_taken":1485,"minecraft:crouch_one_cm":6352,"minecraft:play_time":52951,"minecraft:walk_one_cm":45046,"minecraft:sprint_one_cm":25000,"tombstone:undead_killed":1,"minecraft:deaths":5,"minecraft:sneak_time":1605,"minecraft:walk_under_water_one_cm":106,"minecraft:mob_kills":5,"minecraft:jump":270,"minecraft:damage_dealt":1155,"minecraft:leave_game":2,"minecraft:time_since_death":18442,"minecraft:walk_on_water_one_cm":144,"minecraft:total_world_time":52951,"minecraft:fly_one_cm":106302,"minecraft:fall_one_cm":3402},"minecraft:killed_by":{"minecraft:skeleton":1,"minecraft:creeper":1,"minecraft:witch":1,"minecraft:drowned":1,"minecraft:enderman":1},"minecraft:mined":{"minecraft:grass":9,"minecraft:birch_leaves":1},"minecraft:used":{"minecraft:dirt":71,"minecraft:sand":89,"minecraft:flint_and_steel":338,"minecraft:grass_block":22,"minecraft:birch_leaves":1,"minecraft:birch_log":3}},"DataVersion":3120}