{"stats":{"minecraft:killed":{"minecraft:skeleton":1,"minecraft:pig":1,"minecraft:cow":3},"minecraft:picked_up":{"minecraft:stick":2,"minecraft:arrow":2,"minecraft:bone":4,"minecraft:leather":3,"minecraft:wheat_seeds":2,"minecraft:beef":6,"minecraft:porkchop":3,"minecraft:birch_sapling":2},"minecraft:custom":{"minecraft:time_since_rest":30238,"minecraft:damage_taken":1485,"minecraft:crouch_one_cm":14906,"minecraft:play_time":64951,"minecraft:walk_one_cm":50878,"minecraft:sprint_one_cm":28325,"tombstone:undead_killed":1,"minecraft:deaths":5,"minecraft:sneak_time":4004,"minecraft:walk_under_water_one_cm":974,"minecraft:mob_kills":6,"minecraft:jump":316,"minecraft:damage_dealt":1223,"minecraft:leave_game":2,"minecraft:time_since_death":30442,"minecraft:walk_on_water_one_cm":330,"minecraft:total_world_time":64951,"minecraft:fly_one_cm":131682,"minecraft:fall_one_cm":3402},"minecraft:killed_by":{"minecraft:skeleton":1,"minecraft:creeper":1,"minecraft:witch":1,"minecraft:drowned":1,"minecraft:enderman":1},"minecraft:mined":{"minecraft:grass":9,"minecraft:birch_leaves":1},"minecraft:used":{"minecraft:wooden_axe":1,"minecraft:dirt":90,"minecraft:sand":382,"minecraft:flint_and_steel":338,"minecraft:grass_block":22,"minecraft:birch_leaves":1,"minecraft:birch_log":3,"minecraft:sandstone":45,"minecraft:stone":11}},"DataVersion":3120}