{"stats":{"minecraft:killed":{"minecraft:skeleton":1,"minecraft:pig":1,"minecraft:cow":3},"minecraft:picked_up":{"minecraft:stick":2,"minecraft:leather":3,"minecraft:porkchop":3,"minecraft:bone":4,"minecraft:arrow":2,"minecraft:wheat_seeds":2,"minecraft:beef":6,"minecraft:birch_sapling":2},"minecraft:custom":{"minecraft:time_since_rest":42238,"minecraft:sprint_one_cm":30444,"minecraft:damage_taken":1485,"minecraft:walk_one_cm":71141,"minecraft:mob_kills":6,"minecraft:damage_dealt":1263,"minecraft:fly_one_cm":135938,"minecraft:crouch_one_cm":16247,"minecraft:play_time":76951,"tombstone:undead_killed":1,"minecraft:deaths":5,"minecraft:sneak_time":4418,"minecraft:walk_under_water_one_cm":974,"minecraft:jump":327,"minecraft:leave_game":2,"minecraft:walk_on_water_one_cm":330,"minecraft:time_since_death":42442,"minecraft:total_world_time":76951,"minecraft:fall_one_cm":3402},"minecraft:killed_by":{"minecraft:drowned":1,"minecraft:skeleton":1,"minecraft:creeper":1,"minecraft:witch":1,"minecraft:enderman":1},"minecraft:mined":{"minecraft:birch_leaves":1,"minecraft:grass":9},"minecraft:used":{"minecraft:mossy_stone_bricks":1,"minecraft:wooden_axe":1,"minecraft:waxed_exposed_cut_copper":28,"minecraft:flint_and_steel":338,"minecraft:waxed_cut_copper":18,"minecraft:birch_leaves":1,"minecraft:grass_block":63,"minecraft:waxed_oxidized_cut_copper":1,"minecraft:sandstone":45,"minecraft:stone":18,"minecraft:waxed_weathered_cut_copper":7,"minecraft:dirt":90,"minecraft:sand":383,"minecraft:birch_log":3}},"DataVersion":3120}