{"stats":{"minecraft:custom":{"minecraft:jump":83,"minecraft:time_since_rest":3794,"minecraft:damage_dealt":873,"minecraft:deaths":1,"minecraft:sprint_one_cm":637,"minecraft:play_time":5632,"minecraft:damage_taken":300,"minecraft:time_since_death":0,"minecraft:walk_one_cm":2535,"minecraft:total_world_time":5632,"minecraft:mob_kills":1,"minecraft:fall_one_cm":629,"minecraft:fly_one_cm":1260},"minecraft:killed":{"minecraft:cow":1},"minecraft:mined":{"minecraft:grass":4},"minecraft:killed_by":{"minecraft:witch":1},"minecraft:picked_up":{"minecraft:beef":1,"minecraft:leather":2}},"DataVersion":3120}