{"stats":{"minecraft:killed":{"minecraft:skeleton":1,"minecraft:pig":1,"minecraft:creeper":2,"minecraft:cow":3},"minecraft:picked_up":{"minecraft:stick":2,"minecraft:leather":3,"minecraft:porkchop":3,"minecraft:gunpowder":1,"minecraft:rotten_flesh":2,"minecraft:bone":4,"minecraft:arrow":2,"minecraft:wheat_seeds":2,"minecraft:soul_lantern":1,"minecraft:beef":6,"minecraft:birch_sapling":2},"minecraft:custom":{"minecraft:time_since_rest":66513,"minecraft:sprint_one_cm":36213,"minecraft:damage_taken":1485,"minecraft:walk_one_cm":115959,"minecraft:mob_kills":9,"minecraft:damage_dealt":1682,"minecraft:fly_one_cm":183972,"minecraft:crouch_one_cm":16763,"minecraft:play_time":101226,"tombstone:undead_killed":1,"minecraft:deaths":5,"minecraft:sneak_time":4890,"minecraft:walk_under_water_one_cm":974,"minecraft:jump":421,"minecraft:leave_game":3,"minecraft:walk_on_water_one_cm":330,"minecraft:time_since_death":66717,"minecraft:total_world_time":101226,"minecraft:fall_one_cm":3402},"minecraft:killed_by":{"minecraft:drowned":1,"minecraft:skeleton":1,"minecraft:creeper":1,"minecraft:witch":1,"minecraft:enderman":1},"minecraft:mined":{"minecraft:birch_leaves":1,"minecraft:grass":9},"minecraft:used":{"minecraft:mossy_stone_bricks":2,"minecraft:wooden_axe":1,"minecraft:waxed_exposed_cut_copper":42,"minecraft:flint_and_steel":338,"minecraft:waxed_cut_copper":34,"minecraft:birch_leaves":1,"minecraft:grass_block":70,"minecraft:mangrove_propagule":7,"minecraft:verdant_froglight":2,"minecraft:waxed_oxidized_cut_copper":5,"minecraft:polished_basalt":121,"minecraft:sandstone":45,"minecraft:stone":52,"minecraft:waxed_weathered_cut_copper":24,"minecraft:soul_lantern":20,"minecraft:cracked_stone_bricks":1,"minecraft:dirt":90,"minecraft:sand":389,"minecraft:birch_log":3,"minecraft:chain":36,"iceandfire:dragonbone_sword_lightning":6,"minecraft:ochre_froglight":10,"minecraft:pearlescent_froglight":8,"minecraft:bone_meal":32,"minecraft:deepslate_brick_stairs":57}},"DataVersion":3120}